temperature_deg,weather,rainfall_mm,river_level_m,wind_kmph,soil_moisture,past_floods,risk_level
29.6,Rainy,46.5,0.54,137.6,95.7,2,Severe
16.3,Rainy,253.4,7.8,3.5,94.3,1,High
18.1,Sunny,279.1,13.83,128.3,49.9,4,Severe
32.3,Stormy,345.8,14.27,28.8,43.9,4,Severe
33.4,Cloudy,230.3,9.17,84.2,63.7,4,High
18.2,Windy,92.1,2.72,72.5,1.5,5,Medium
35.4,Cloudy,335.4,6.44,51.9,47.3,3,High
38.2,Stormy,235.8,5.31,67.1,79.1,2,Severe
25.7,Stormy,81.0,0.95,76.2,12.5,3,Severe
27.1,Sunny,70.1,11.11,108.7,30.8,0,High
17.0,Rainy,133.0,6.87,40.3,12.7,3,Medium
27.2,Stormy,177.3,4.93,7.5,34.2,5,Severe
15.1,Cloudy,384.5,5.6,72.6,39.9,2,High
31.1,Stormy,2.3,1.1,80.5,64.5,4,Severe
44.8,Rainy,498.2,7.79,31.2,68.6,1,Severe
30.6,Sunny,297.8,6.28,73.0,72.1,5,High
44.1,Sunny,342.9,1.14,38.6,4.0,2,High
15.7,Windy,0.7,12.06,136.2,75.9,5,Severe
43.6,Sunny,330.3,3.42,96.4,24.7,3,High
28.6,Stormy,353.0,6.34,148.9,11.3,2,Severe
35.7,Sunny,466.8,9.84,5.2,3.9,5,Severe
42.5,Sunny,25.5,8.98,115.0,75.0,2,High
29.4,Stormy,24.3,5.1,103.6,86.5,3,Severe
33.6,Stormy,76.1,12.65,24.4,49.1,3,Severe
21.6,Sunny,434.4,2.29,98.8,47.1,5,Severe
16.3,Cloudy,48.7,0.24,28.3,57.1,3,Medium
35.8,Rainy,159.5,5.29,125.7,55.6,1,Severe
44.2,Sunny,106.8,2.37,56.6,80.9,0,Medium
33.2,Stormy,475.4,14.15,94.0,30.9,1,Severe
26.3,Rainy,428.5,7.65,78.5,11.7,2,Severe
44.0,Windy,348.5,7.16,59.1,60.6,3,High
32.4,Sunny,158.7,4.3,40.5,2.7,3,Medium
28.6,Windy,489.1,13.02,115.5,56.6,4,Severe
19.0,Windy,177.4,9.87,69.1,24.0,2,High
19.8,Cloudy,431.4,0.96,147.2,57.7,5,Severe
25.8,Stormy,245.7,6.62,88.3,4.3,1,Severe
19.2,Sunny,18.7,10.71,75.1,99.7,1,High
38.4,Sunny,194.1,2.63,100.9,79.2,5,High
27.0,Cloudy,423.6,6.16,101.2,25.7,3,Severe
26.0,Stormy,239.0,13.45,126.0,20.0,5,Severe
20.3,Windy,475.6,5.54,44.8,26.6,5,Severe
19.2,Rainy,234.8,8.12,92.6,96.9,3,High
21.3,Rainy,203.7,12.63,6.3,8.1,4,Severe
15.5,Rainy,466.9,13.45,70.2,56.6,0,Severe
25.9,Cloudy,159.7,0.33,108.6,0.9,1,High
37.8,Windy,176.8,14.31,123.2,69.6,1,Severe
36.9,Rainy,488.3,8.63,105.1,41.4,1,Severe
23.4,Stormy,413.7,13.55,29.3,59.7,4,Severe
36.3,Sunny,494.2,14.07,71.8,50.6,2,Severe
44.7,Rainy,206.2,11.97,31.8,13.8,2,High
35.1,Windy,316.9,12.73,21.8,53.8,4,Severe
35.0,Rainy,20.5,1.54,47.6,39.1,5,Medium
34.6,Windy,337.6,6.06,28.1,39.8,0,High
22.4,Cloudy,352.5,9.04,119.1,0.2,2,High
39.0,Stormy,30.1,3.04,79.7,44.6,1,Severe
43.1,Cloudy,297.3,1.3,9.0,37.6,5,High
40.5,Cloudy,181.8,1.79,139.8,63.9,1,Severe
17.0,Sunny,379.3,9.9,6.1,51.8,4,High
41.6,Sunny,97.8,12.51,42.8,91.4,5,Severe
28.3,Cloudy,392.7,4.17,45.0,12.6,4,High
35.8,Stormy,276.5,11.45,108.9,86.1,0,Severe
41.4,Cloudy,291.2,13.96,139.7,13.2,5,Severe
33.3,Windy,178.3,14.88,91.1,15.2,4,Severe
23.4,Rainy,414.3,11.95,61.5,83.2,3,Severe
19.6,Rainy,83.6,0.9,107.7,47.2,0,High
39.1,Cloudy,104.1,5.2,21.2,6.5,0,Medium
40.7,Stormy,130.1,13.44,3.5,22.1,2,Severe
28.4,Rainy,391.1,0.7,29.5,77.6,0,High
24.8,Sunny,164.9,3.34,25.0,22.2,4,Medium
41.6,Stormy,491.8,0.82,129.3,92.2,4,Severe
24.3,Rainy,159.4,13.1,79.3,65.6,1,Severe
42.8,Rainy,461.9,5.29,12.3,6.8,3,Severe
21.7,Stormy,55.0,0.0,38.2,76.9,5,Severe
34.0,Rainy,234.7,2.86,128.8,35.9,3,Severe
31.5,Rainy,167.8,5.92,9.1,72.3,2,Medium
38.4,Stormy,239.8,0.18,17.3,46.2,5,Severe
36.2,Windy,31.5,11.23,7.8,24.5,5,High
30.2,Sunny,367.8,14.91,95.4,56.9,3,Severe
19.9,Rainy,162.8,11.79,44.9,37.4,0,High
38.3,Cloudy,44.1,5.88,75.0,56.0,2,Medium
24.3,Cloudy,480.1,5.02,80.1,26.9,3,Severe
17.0,Cloudy,467.4,5.94,3.1,3.2,2,Severe
29.8,Sunny,389.2,14.87,45.2,33.6,2,Severe
19.8,Sunny,243.7,6.87,129.0,98.9,5,Severe
32.9,Stormy,234.9,13.08,53.7,68.2,1,Severe
39.6,Cloudy,90.5,12.99,69.3,46.2,3,Severe
16.9,Windy,300.9,14.52,99.4,13.3,1,Severe
32.7,Rainy,452.6,6.11,79.0,84.3,3,Severe
38.3,Stormy,472.3,10.45,10.3,65.9,4,Severe
26.5,Windy,359.3,10.51,133.3,76.5,0,Severe
31.1,Sunny,139.7,11.49,144.2,4.8,3,Severe
31.8,Sunny,266.6,13.94,5.8,33.1,0,Severe
38.3,Sunny,258.3,14.22,48.3,87.1,5,Severe
18.3,Sunny,230.0,4.11,35.5,53.3,0,Medium
22.9,Cloudy,392.7,11.52,149.7,35.6,2,Severe
27.3,Windy,282.6,13.02,80.9,3.0,0,Severe
23.6,Windy,230.0,2.54,123.1,65.2,3,Severe
24.2,Stormy,118.0,9.11,9.0,74.2,2,Severe
16.7,Cloudy,457.6,14.91,9.3,39.4,5,Severe
35.0,Sunny,0.6,13.92,108.4,53.8,4,Severe
22.8,Cloudy,69.9,7.99,88.0,96.0,4,High
41.6,Stormy,446.3,1.45,125.1,95.3,3,Severe
17.0,Sunny,298.0,13.64,122.3,91.7,4,Severe
36.0,Sunny,426.1,6.41,47.6,27.1,0,Severe
29.6,Windy,363.6,9.49,11.4,27.8,5,High
34.4,Rainy,466.1,5.38,115.2,8.7,0,Severe
15.8,Cloudy,137.2,7.41,24.6,8.2,2,Medium
35.2,Rainy,102.8,13.41,9.7,47.7,4,Severe
22.4,Rainy,446.6,13.93,41.4,94.9,2,Severe
23.4,Windy,201.7,8.64,27.0,32.7,0,High
44.7,Windy,145.8,3.06,28.3,99.9,4,Medium
17.0,Windy,205.1,9.17,62.5,54.5,5,High
29.2,Windy,282.9,4.21,19.3,0.5,2,High
40.3,Windy,221.1,6.83,117.4,34.2,2,High
24.0,Stormy,334.5,5.15,32.2,80.6,2,Severe
34.9,Sunny,291.7,7.31,47.4,6.9,2,High
34.0,Cloudy,29.9,6.51,77.7,83.1,0,Medium
37.2,Cloudy,52.2,8.55,113.4,96.5,0,High
37.6,Cloudy,171.1,9.76,117.0,2.0,2,High
44.2,Cloudy,157.9,14.13,120.7,98.5,2,Severe
20.9,Sunny,81.3,3.0,136.6,25.7,5,Severe
40.1,Rainy,120.7,4.63,31.5,53.9,0,Medium
16.5,Rainy,474.4,1.11,2.9,11.3,3,Severe
22.9,Windy,315.9,7.49,132.2,15.5,2,Severe
38.3,Stormy,498.7,13.31,7.0,98.5,2,Severe
21.9,Rainy,436.5,7.57,11.2,50.8,4,Severe
36.7,Rainy,307.2,1.29,58.2,65.1,0,High
26.2,Windy,438.2,10.2,118.9,41.0,5,Severe
26.5,Sunny,245.5,4.67,18.5,24.6,2,Medium
15.9,Sunny,443.4,3.07,9.0,19.3,1,Severe
42.2,Rainy,422.7,11.09,95.1,56.1,1,Severe
30.0,Cloudy,338.5,3.96,112.8,61.6,0,High
43.2,Windy,451.1,13.95,2.8,82.1,4,Severe
40.0,Cloudy,71.4,6.31,28.5,59.1,4,Medium
27.7,Windy,25.9,3.05,146.2,78.3,1,Severe
30.4,Windy,181.0,3.73,42.9,98.3,4,Medium
34.9,Sunny,66.9,0.98,126.4,6.6,2,Severe
36.4,Stormy,185.9,9.99,127.8,4.2,3,Severe
28.9,Cloudy,161.7,8.67,88.5,85.9,0,High
23.4,Rainy,76.9,2.51,88.5,37.8,0,High
35.2,Windy,292.3,13.27,20.1,72.0,4,Severe
26.7,Sunny,423.4,1.98,92.5,11.1,2,Severe
19.4,Stormy,53.5,1.69,1.5,38.1,4,Severe
19.6,Rainy,371.7,11.47,89.8,66.2,3,High
20.5,Cloudy,209.5,6.23,147.7,56.1,4,Severe
32.3,Sunny,82.0,10.15,147.5,68.8,4,Severe
35.5,Cloudy,85.7,4.94,56.3,50.1,3,Medium
18.5,Windy,288.2,12.91,40.3,18.3,2,Severe
35.8,Sunny,378.4,1.72,98.1,78.8,2,High
20.4,Windy,285.4,14.5,70.2,87.4,0,Severe
18.5,Windy,328.1,14.97,10.3,69.8,1,Severe
18.9,Stormy,469.6,5.47,143.2,9.4,3,Severe
19.5,Sunny,474.8,3.24,140.7,41.2,1,Severe
15.4,Sunny,21.5,14.84,76.9,76.0,4,Severe
28.4,Stormy,422.7,5.36,39.3,47.2,2,Severe
38.6,Stormy,168.5,4.64,140.7,12.2,4,Severe
19.4,Windy,18.2,12.83,20.2,68.4,0,Severe
20.5,Rainy,153.1,2.96,82.0,48.8,0,High
37.6,Rainy,122.5,12.46,82.7,31.3,3,Severe
39.6,Sunny,393.6,6.45,6.9,75.1,3,High
29.0,Sunny,61.3,14.91,133.6,25.2,1,Severe
35.1,Cloudy,384.4,9.84,12.9,66.5,1,High
22.9,Rainy,77.3,11.22,26.3,86.5,2,High
19.4,Cloudy,34.5,14.45,48.4,47.0,0,Severe
25.3,Sunny,60.6,10.96,49.6,57.8,5,High
15.3,Sunny,91.9,12.73,84.5,46.8,3,Severe
26.8,Sunny,138.2,3.09,6.8,27.6,2,Medium
39.4,Windy,365.6,7.62,76.4,8.8,1,High
31.5,Windy,107.5,0.76,83.0,32.2,0,High
26.6,Sunny,178.0,1.23,9.5,81.4,5,Medium
27.2,Sunny,260.9,3.58,60.9,99.4,4,High
19.7,Stormy,18.0,4.3,110.3,2.6,1,Severe
44.3,Stormy,308.6,4.25,74.7,91.2,0,Severe
23.9,Cloudy,67.8,0.77,89.4,24.2,0,High
30.5,Stormy,301.9,6.44,61.9,68.1,0,Severe
28.8,Rainy,87.4,3.18,85.7,40.7,2,High
25.9,Windy,79.8,5.56,126.7,20.1,3,Severe
34.6,Rainy,486.6,0.45,71.1,8.5,0,Severe
17.7,Sunny,172.2,8.78,22.9,28.5,3,High
24.7,Rainy,15.5,14.68,38.7,73.6,1,Severe
30.8,Windy,128.2,1.13,98.9,37.6,2,High
38.1,Sunny,178.2,9.51,33.8,46.0,3,High
43.0,Stormy,22.0,5.69,81.0,73.6,0,Severe
33.1,Rainy,458.1,7.82,77.9,10.1,4,Severe
31.3,Windy,14.7,14.11,75.4,99.5,2,Severe
42.7,Cloudy,471.0,1.45,2.9,63.4,2,Severe
35.3,Stormy,408.2,3.69,7.8,98.1,5,Severe
37.2,Rainy,496.8,2.8,80.8,35.6,1,Severe
42.5,Windy,91.5,9.9,37.5,61.2,0,High
16.2,Windy,162.6,2.06,142.0,45.1,0,Severe
30.4,Rainy,111.3,10.66,139.3,30.5,3,Severe
15.2,Rainy,71.0,13.0,56.4,18.1,3,Severe
18.8,Rainy,178.0,10.64,89.9,15.4,0,High
29.0,Sunny,316.5,4.97,121.4,0.7,4,Severe
43.1,Cloudy,498.6,13.98,76.1,49.4,0,Severe
22.8,Rainy,381.6,6.13,97.4,2.7,5,High
30.0,Rainy,61.0,6.63,35.7,5.3,4,Medium
38.4,Stormy,154.9,8.55,93.0,63.0,2,Severe
34.9,Stormy,469.4,12.4,102.3,87.4,2,Severe
20.0,Rainy,254.5,1.55,97.1,94.7,1,High
20.8,Windy,144.0,3.62,21.3,23.0,0,Medium
40.3,Cloudy,31.8,9.81,84.7,31.5,5,High
15.2,Rainy,487.1,10.83,40.2,30.7,5,Severe
24.7,Rainy,264.8,7.62,41.0,35.1,1,High
31.3,Sunny,192.1,14.88,6.2,50.7,2,Severe
18.3,Rainy,299.5,3.64,63.4,76.7,5,High
15.2,Rainy,169.1,1.08,138.7,49.2,4,Severe
28.5,Stormy,166.1,5.47,141.3,70.5,1,Severe
33.0,Cloudy,324.9,13.7,60.6,32.2,0,Severe
33.7,Stormy,72.1,11.06,82.5,46.0,3,Severe
22.8,Rainy,105.5,3.95,19.6,5.9,4,Medium
18.8,Windy,142.5,3.97,116.4,11.4,2,High
31.6,Cloudy,273.5,3.24,148.1,80.5,4,Severe
27.8,Stormy,425.6,7.13,91.0,30.1,0,Severe
40.0,Sunny,249.0,10.2,23.0,35.8,3,High
38.6,Windy,381.8,5.21,139.7,12.6,3,Severe
19.4,Sunny,415.1,6.53,102.9,40.8,0,Severe
35.4,Windy,199.0,5.19,44.3,86.6,4,Medium
31.6,Windy,170.2,8.48,92.7,48.0,0,High
33.6,Rainy,83.1,14.76,142.0,19.1,2,Severe
24.9,Stormy,448.0,7.33,101.2,20.9,4,Severe
39.7,Stormy,496.3,0.65,69.4,47.9,4,Severe
27.2,Windy,253.3,3.54,121.0,0.8,3,Severe
20.0,Cloudy,383.1,14.03,47.1,28.1,2,Severe
27.9,Rainy,460.4,2.51,91.5,63.6,3,Severe
43.6,Cloudy,23.1,12.09,2.9,54.3,4,Severe
37.2,Sunny,343.4,1.51,12.5,92.8,2,High
26.1,Rainy,433.9,4.42,48.0,33.0,2,Severe
40.5,Rainy,130.3,8.42,22.3,91.4,1,High
30.3,Sunny,165.4,3.12,90.8,32.2,1,High
22.5,Cloudy,454.2,3.98,129.9,13.3,0,Severe
17.0,Rainy,472.0,5.66,2.2,17.3,2,Severe
23.7,Stormy,445.0,12.63,4.0,70.9,5,Severe
30.6,Cloudy,429.4,1.23,101.7,2.0,2,Severe
31.3,Windy,228.1,12.72,106.7,78.3,1,Severe
29.7,Cloudy,112.5,0.49,48.8,65.5,3,Medium
35.8,Stormy,406.7,13.08,35.5,82.6,2,Severe
31.3,Rainy,134.1,14.16,95.6,23.6,0,Severe
24.8,Rainy,30.1,12.35,128.4,53.5,0,Severe
26.6,Stormy,406.2,5.79,109.8,25.1,0,Severe
32.2,Sunny,279.5,13.81,14.5,94.0,1,Severe
15.9,Windy,345.7,5.74,9.2,72.3,1,High
29.9,Windy,168.8,13.33,90.6,49.3,3,Severe
16.4,Stormy,449.2,10.06,132.3,99.8,4,Severe
18.2,Cloudy,405.2,12.89,99.5,68.4,1,Severe
20.0,Sunny,417.3,3.48,18.1,57.5,3,Severe
18.1,Windy,174.9,6.78,1.3,74.3,1,Medium
39.5,Sunny,83.9,11.17,110.2,46.9,2,High
20.8,Cloudy,35.4,5.38,38.9,13.2,2,Medium
44.1,Sunny,460.1,13.17,101.9,9.6,3,Severe
26.4,Rainy,234.6,1.97,97.2,62.1,1,High
43.9,Rainy,345.9,2.85,7.4,82.0,2,High
39.8,Rainy,309.3,14.41,124.3,52.0,0,Severe
17.8,Rainy,73.8,3.89,67.8,78.8,1,Medium
19.3,Stormy,490.1,4.32,89.5,15.6,4,Severe
40.1,Sunny,199.1,11.05,35.9,72.1,4,High
38.3,Cloudy,407.2,11.38,107.3,86.8,2,Severe
40.1,Stormy,227.4,13.44,98.4,91.1,2,Severe
19.3,Sunny,65.5,1.49,47.3,24.4,3,Medium
28.3,Stormy,342.1,6.2,60.6,17.3,5,Severe
42.7,Stormy,86.2,4.26,59.6,23.0,5,Severe
27.3,Sunny,89.5,14.6,122.8,76.4,1,Severe
26.4,Stormy,202.1,6.32,67.6,48.9,5,Severe
27.3,Cloudy,202.6,5.93,132.3,86.9,0,Severe
28.7,Windy,158.8,14.29,77.2,59.9,5,Severe
44.7,Windy,433.3,6.15,14.2,92.4,3,Severe
22.9,Stormy,130.8,14.75,57.5,2.5,5,Severe
37.8,Stormy,492.5,7.53,146.5,67.4,3,Severe
19.6,Rainy,120.4,5.39,103.6,22.4,3,High
33.3,Sunny,494.2,14.3,140.2,94.8,2,Severe
21.8,Cloudy,271.7,5.9,60.8,4.8,2,High
27.3,Cloudy,355.3,9.79,52.8,43.9,0,High
21.6,Cloudy,85.1,2.48,61.7,6.1,4,Medium
40.3,Windy,224.9,10.8,65.7,33.7,3,High
34.1,Stormy,389.9,8.51,69.3,78.8,2,Severe
34.7,Windy,5.7,12.89,29.4,60.0,5,Severe
32.6,Sunny,235.6,3.32,26.0,63.3,2,Medium
25.0,Windy,381.8,11.97,110.3,67.1,0,High
18.0,Cloudy,454.3,5.68,64.5,37.6,0,Severe
21.9,Sunny,64.6,12.54,17.4,70.7,2,Severe
27.4,Cloudy,185.0,1.3,95.3,94.3,0,High
36.4,Windy,153.8,6.6,27.0,12.3,0,Medium
29.6,Rainy,14.2,11.72,91.1,85.8,4,High
28.5,Stormy,361.4,10.95,77.1,24.1,5,Severe
36.6,Windy,397.6,11.57,53.5,55.5,3,High
29.3,Rainy,461.5,3.67,1.8,2.1,5,Severe
33.0,Rainy,434.2,14.83,98.7,51.3,3,Severe
23.6,Cloudy,66.8,12.93,128.4,75.8,1,Severe
35.7,Stormy,47.4,10.01,0.5,81.8,1,Severe
22.6,Stormy,68.6,6.29,114.6,29.3,1,Severe
24.4,Windy,373.4,6.54,37.4,89.3,5,High
42.7,Cloudy,74.8,10.88,143.0,51.0,5,Severe
43.2,Rainy,413.6,2.33,24.3,92.3,0,Severe
22.0,Cloudy,408.9,13.25,23.1,21.6,4,Severe
33.4,Stormy,494.2,5.48,58.3,71.9,0,Severe
38.4,Windy,433.4,12.99,95.4,14.8,1,Severe
35.1,Windy,34.7,9.43,31.3,47.0,3,High
42.6,Stormy,135.2,4.79,124.3,80.6,4,Severe
29.8,Windy,211.5,4.57,0.8,33.3,5,Medium
38.5,Cloudy,480.3,13.95,128.8,65.4,2,Severe
30.8,Rainy,73.8,7.73,7.7,63.7,2,Medium
30.6,Stormy,253.0,11.31,118.5,39.4,5,Severe
36.9,Sunny,243.4,1.58,1.9,49.0,4,Medium
30.2,Stormy,491.3,11.84,14.8,94.9,0,Severe
30.6,Stormy,215.9,1.75,13.6,27.2,3,Severe
22.3,Sunny,327.8,7.29,45.2,61.4,4,High
41.2,Stormy,336.4,8.26,4.8,52.2,3,Severe
16.6,Stormy,281.0,8.39,110.3,70.2,2,Severe
42.4,Rainy,48.7,4.38,93.8,11.1,3,High
23.4,Windy,286.3,11.31,139.3,45.3,1,Severe
25.9,Cloudy,241.8,3.65,29.5,2.7,1,Medium
22.1,Windy,36.6,1.41,122.4,65.1,4,Severe
17.9,Sunny,487.7,10.63,22.3,53.5,3,Severe
16.6,Stormy,100.3,2.47,117.4,31.9,4,Severe
37.9,Stormy,198.4,0.93,30.5,75.5,2,Severe
30.9,Cloudy,99.6,13.38,149.2,2.4,4,Severe
30.4,Sunny,235.4,14.4,100.3,74.3,1,Severe
42.6,Windy,483.1,6.74,88.7,27.3,4,Severe
22.2,Sunny,0.7,1.11,114.7,55.0,4,High
36.4,Windy,342.0,6.2,116.0,79.6,5,High
22.5,Sunny,468.6,7.06,71.2,7.2,4,Severe
44.5,Cloudy,392.0,10.51,14.1,60.6,4,High
23.8,Cloudy,95.6,8.6,74.3,33.2,3,High
32.0,Sunny,33.5,13.1,110.8,97.5,0,Severe
36.3,Windy,175.0,5.3,26.1,25.3,2,Medium
26.7,Sunny,399.3,14.76,147.1,22.2,5,Severe
43.9,Cloudy,1.9,0.15,47.6,65.1,2,Medium
27.0,Rainy,272.0,11.56,10.0,0.0,0,High
32.5,Cloudy,487.0,2.69,21.2,90.9,4,Severe
22.2,Stormy,351.6,11.86,11.1,2.1,3,Severe
30.7,Windy,74.3,8.87,8.2,74.0,4,High
20.1,Sunny,148.9,8.13,54.0,34.6,4,High
32.9,Cloudy,300.5,9.11,141.8,89.1,4,Severe
42.4,Sunny,169.0,5.69,42.0,21.4,1,Medium
27.7,Cloudy,258.6,5.97,33.0,65.9,2,High
20.9,Rainy,266.9,0.24,104.7,37.0,1,High
43.4,Windy,258.5,14.26,120.1,36.1,4,Severe
34.3,Stormy,184.4,6.22,15.7,4.6,4,Severe
28.6,Sunny,174.0,13.38,92.2,26.3,0,Severe
16.3,Rainy,428.8,13.65,3.1,97.6,5,Severe
40.2,Windy,171.9,13.32,56.2,84.3,3,Severe
28.3,Rainy,407.0,12.58,32.4,64.8,5,Severe
15.5,Cloudy,327.1,1.81,45.5,36.6,4,High
29.4,Rainy,172.7,2.73,88.3,64.7,1,High
15.0,Rainy,193.0,3.77,10.2,3.5,3,Medium
23.3,Cloudy,114.1,0.56,58.2,94.1,0,Medium
20.5,Sunny,177.2,10.72,24.7,41.1,0,High
28.9,Rainy,142.0,11.59,108.5,21.3,0,High
36.4,Windy,343.2,12.96,68.4,78.9,2,Severe
37.4,Windy,235.0,13.44,109.1,93.0,0,Severe
43.1,Cloudy,226.0,14.09,46.6,8.8,4,Severe
28.5,Sunny,18.6,9.13,54.1,42.3,0,High
38.3,Sunny,385.4,11.66,23.4,43.4,5,High
27.9,Cloudy,472.8,14.82,120.4,82.1,0,Severe
35.9,Stormy,140.1,7.43,9.4,88.4,2,Severe
41.3,Cloudy,12.6,1.69,91.4,31.9,4,High
39.7,Rainy,269.3,4.65,117.6,95.1,4,High
28.4,Stormy,388.0,4.12,74.5,54.4,3,Severe
28.0,Rainy,421.5,5.95,104.6,4.0,5,Severe
23.7,Sunny,371.8,14.33,36.1,51.6,2,Severe
23.7,Cloudy,18.9,14.31,66.2,81.7,3,Severe
41.7,Rainy,436.7,1.37,131.2,42.3,0,Severe
17.1,Stormy,57.5,10.43,49.1,85.1,4,Severe
42.8,Windy,444.9,14.14,106.1,2.9,5,Severe
25.3,Rainy,327.6,12.27,106.5,19.6,1,Severe
27.4,Windy,256.8,9.91,43.9,30.0,5,High
24.3,Windy,334.2,5.57,74.9,91.1,0,High
31.3,Cloudy,247.2,1.72,14.9,22.8,5,Medium
29.1,Stormy,282.2,5.75,93.7,25.3,2,Severe
36.5,Stormy,170.2,12.13,18.9,74.6,4,Severe
21.3,Stormy,115.4,10.26,85.8,0.2,5,Severe
28.9,Stormy,10.1,3.75,12.0,17.6,4,Severe
34.2,Sunny,5.9,9.96,139.4,92.4,0,Severe
21.2,Windy,449.2,10.73,69.5,98.6,0,Severe
19.4,Cloudy,308.4,7.76,121.0,44.7,2,Severe
37.5,Sunny,370.5,14.62,85.8,9.1,1,Severe
21.2,Windy,192.1,10.68,83.9,58.1,0,High
44.5,Stormy,280.3,0.19,33.0,51.7,1,Severe
22.3,Windy,173.9,5.37,16.0,3.5,2,Medium
26.0,Cloudy,434.6,5.77,90.7,53.5,1,Severe
34.9,Stormy,327.4,6.68,113.8,60.2,5,Severe
35.4,Sunny,253.7,9.77,61.7,66.5,1,High
27.2,Cloudy,61.9,5.29,61.4,26.2,2,Medium
42.4,Stormy,391.0,6.53,97.5,65.5,3,Severe
32.3,Cloudy,116.8,1.25,13.6,10.1,0,Low
28.9,Rainy,290.7,11.49,8.2,28.3,5,High
43.8,Cloudy,335.8,5.63,43.0,28.7,5,High
38.5,Sunny,16.7,5.78,71.9,64.0,5,Medium
28.7,Stormy,128.0,6.45,26.8,95.7,0,Severe
21.4,Sunny,310.8,2.94,44.7,49.9,1,High
33.0,Cloudy,362.4,14.44,98.0,89.8,4,Severe
30.9,Windy,100.2,4.35,131.7,23.0,1,Severe
19.3,Rainy,184.5,12.74,73.9,18.0,3,Severe
38.8,Windy,67.2,10.65,54.5,74.7,3,High
38.4,Windy,299.2,6.55,57.7,9.1,0,High
42.8,Cloudy,8.2,3.81,111.7,98.4,3,High
21.7,Cloudy,480.7,7.11,50.8,13.9,3,Severe
34.9,Sunny,94.6,11.23,132.0,4.1,4,Severe
44.6,Cloudy,56.6,7.51,115.3,92.5,2,High
28.9,Rainy,16.7,3.08,57.4,19.0,0,Medium
37.8,Rainy,165.6,8.23,43.9,27.2,5,High
31.2,Windy,57.8,4.47,32.3,68.4,5,Medium
25.6,Cloudy,161.4,13.71,82.3,82.5,1,Severe
30.1,Cloudy,64.9,9.17,143.1,71.8,1,Severe
33.8,Windy,192.1,13.56,83.7,32.1,1,Severe
29.1,Cloudy,236.1,0.64,45.8,68.5,4,Medium
25.6,Windy,465.3,0.35,2.0,80.7,1,Severe
38.1,Sunny,174.4,12.29,15.7,97.4,2,Severe
20.4,Rainy,291.1,5.44,39.2,64.2,0,High
33.0,Cloudy,159.4,8.29,137.7,53.5,4,Severe
28.6,Windy,263.4,1.6,117.1,42.3,2,High
19.6,Stormy,112.0,3.53,121.3,99.6,1,Severe
26.1,Cloudy,247.4,9.43,112.3,16.1,3,High
42.9,Rainy,486.2,1.05,85.8,2.2,2,Severe
31.5,Stormy,184.2,5.99,108.8,1.3,4,Severe
37.1,Sunny,57.3,1.24,99.7,24.0,2,High
19.4,Cloudy,284.5,14.42,19.2,88.5,2,Severe
15.1,Stormy,119.9,2.16,87.3,47.6,4,Severe
23.3,Cloudy,50.5,4.25,15.7,23.1,5,Medium
38.3,Cloudy,481.9,9.93,44.2,62.2,0,Severe
27.9,Rainy,137.7,4.02,80.8,78.8,1,High
43.3,Sunny,279.0,8.48,48.1,86.9,2,High
33.1,Stormy,301.0,2.78,14.2,75.8,3,Severe
25.6,Windy,205.7,13.46,46.7,48.3,2,Severe
22.3,Sunny,22.4,8.37,18.2,6.0,1,High
15.4,Cloudy,253.0,12.67,113.4,33.0,1,Severe
32.8,Sunny,191.3,11.74,92.8,37.4,3,High
22.0,Stormy,297.2,5.66,1.2,99.3,1,Severe
34.6,Rainy,372.9,3.71,16.4,41.9,3,High
28.3,Sunny,165.0,9.58,98.7,55.5,0,High
21.9,Sunny,278.2,6.9,125.9,69.6,1,Severe
22.0,Rainy,60.5,0.03,7.0,51.6,1,Medium
29.9,Sunny,96.4,1.86,62.7,41.6,4,Medium
24.0,Stormy,478.2,3.33,123.6,85.2,4,Severe
26.5,Cloudy,34.4,5.68,34.3,51.1,3,Medium
17.9,Sunny,90.8,3.34,40.7,39.2,0,Low
26.7,Cloudy,55.5,14.93,138.3,3.0,0,Severe
26.2,Windy,469.8,12.76,89.5,91.7,4,Severe
33.5,Sunny,64.1,3.62,110.2,55.1,1,High
29.0,Rainy,156.3,0.92,122.9,63.9,3,Severe
21.1,Rainy,212.7,0.11,137.2,52.3,1,Severe
34.9,Rainy,344.3,1.13,76.3,95.6,0,High
42.8,Cloudy,10.1,12.93,5.3,85.6,1,Severe
34.1,Stormy,327.6,4.42,79.4,34.0,0,Severe
25.0,Cloudy,450.6,7.98,44.6,9.3,2,Severe
31.0,Stormy,62.0,2.24,18.2,44.1,1,Severe
33.6,Sunny,488.3,9.49,87.0,30.5,1,Severe
28.4,Rainy,379.9,6.38,37.2,27.1,4,High
27.0,Rainy,21.8,5.93,42.2,95.9,4,Medium
35.6,Stormy,292.5,9.97,122.9,9.1,1,Severe
16.7,Rainy,199.4,14.27,43.7,9.4,4,Severe
38.0,Cloudy,219.2,0.36,116.0,18.2,5,High
26.0,Stormy,436.5,0.46,115.5,70.7,3,Severe
29.3,Cloudy,432.5,3.12,19.4,55.1,3,Severe
24.3,Sunny,152.6,13.28,54.0,19.0,2,Severe
21.3,Cloudy,447.9,4.09,100.8,43.4,0,Severe
18.2,Stormy,48.8,1.92,66.1,47.2,0,Severe
29.9,Sunny,347.1,6.76,19.1,59.5,4,High
16.9,Sunny,21.5,9.7,107.7,49.4,2,High
18.9,Windy,383.0,13.35,77.8,23.9,4,Severe
28.1,Cloudy,74.4,0.95,102.3,22.0,2,High
15.9,Rainy,327.0,11.51,20.1,13.7,3,High
36.7,Sunny,484.3,2.64,108.7,46.4,0,Severe
28.2,Windy,450.3,0.85,104.3,49.2,1,Severe
35.3,Windy,360.5,5.34,16.2,43.6,4,High
19.6,Windy,194.8,6.1,58.1,79.0,2,Medium
44.4,Cloudy,233.9,14.02,8.3,11.6,3,Severe
41.6,Sunny,209.8,0.52,129.3,7.3,5,Severe
39.5,Windy,290.0,3.35,73.7,90.1,0,High
15.6,Cloudy,499.2,2.06,113.7,72.7,1,Severe
37.6,Windy,271.4,11.1,94.1,20.3,1,High
27.9,Windy,31.4,12.2,50.4,9.1,1,Severe
24.6,Stormy,240.3,11.76,139.7,73.5,2,Severe
44.6,Cloudy,471.0,2.29,78.7,72.3,2,Severe
41.4,Rainy,247.7,5.26,14.2,28.5,0,Medium
40.1,Sunny,148.9,11.25,41.0,73.4,1,High
19.2,Rainy,128.5,7.93,78.2,0.8,5,Medium
36.5,Stormy,181.3,8.75,64.6,97.6,0,Severe
27.8,Windy,32.9,12.13,82.7,8.4,1,Severe
18.3,Stormy,160.6,6.37,67.0,85.7,0,Severe
15.1,Stormy,300.4,14.72,56.6,35.9,0,Severe
40.7,Rainy,236.5,12.17,110.2,10.3,2,Severe
42.1,Cloudy,221.6,14.91,9.4,86.2,0,Severe
36.5,Windy,34.8,8.04,78.0,91.7,2,High
26.4,Sunny,498.4,6.6,119.3,44.1,0,Severe
37.9,Rainy,26.7,5.64,103.3,2.1,3,High
33.9,Windy,156.3,10.97,107.0,66.4,3,High
34.2,Windy,381.0,11.17,79.4,18.8,3,High
44.6,Stormy,431.9,6.1,96.2,71.4,2,Severe
23.9,Windy,280.4,5.41,79.6,17.3,1,High
24.1,Windy,111.3,14.85,43.6,77.1,1,Severe
40.8,Rainy,258.4,7.34,49.6,94.0,3,High
39.2,Cloudy,488.7,0.89,89.0,45.8,0,Severe
42.6,Windy,373.8,3.07,64.2,64.5,3,High
31.9,Cloudy,70.6,11.34,91.6,16.0,2,High
44.4,Rainy,106.7,13.55,66.3,36.8,3,Severe
31.5,Windy,314.3,13.78,102.1,70.2,0,Severe
43.6,Stormy,59.1,11.0,0.4,82.3,0,Severe
19.6,Stormy,135.9,0.36,84.5,21.4,2,Severe
25.8,Stormy,36.2,5.99,23.4,84.3,1,Severe
41.4,Cloudy,196.3,4.98,99.8,54.9,5,High
43.3,Windy,17.9,14.69,83.9,68.4,5,Severe
29.6,Windy,110.8,10.71,110.1,19.0,1,High
32.1,Stormy,375.2,2.04,50.8,79.3,4,Severe
21.7,Stormy,433.3,14.82,3.3,97.0,0,Severe
38.7,Cloudy,106.8,5.07,107.6,28.0,5,High
39.8,Stormy,162.4,2.84,45.8,17.4,1,Severe
42.2,Windy,259.3,6.63,48.6,48.4,4,High
19.5,Stormy,245.4,8.44,102.2,78.3,4,Severe
26.9,Stormy,465.0,5.57,74.8,4.1,2,Severe
30.9,Sunny,27.8,12.4,80.2,45.5,0,Severe
34.9,Sunny,316.1,8.1,14.4,51.9,0,High
41.7,Sunny,373.6,0.59,127.5,8.6,5,Severe
22.9,Sunny,473.1,12.13,31.8,34.8,1,Severe
26.6,Stormy,372.4,11.35,140.2,16.7,0,Severe
18.0,Windy,456.3,8.18,9.5,20.4,0,Severe
22.0,Windy,61.2,10.26,62.6,90.5,5,High
15.3,Stormy,459.1,12.57,143.5,88.5,1,Severe
34.7,Sunny,328.0,9.21,65.7,5.2,3,High
38.1,Stormy,4.1,7.35,121.9,28.4,4,Severe
26.9,Rainy,446.2,11.83,29.0,44.3,5,Severe
26.3,Windy,223.7,3.84,130.4,62.0,4,Severe
44.8,Stormy,179.7,4.92,9.6,11.7,5,Severe
24.5,Rainy,213.3,13.42,145.4,13.9,1,Severe
23.8,Windy,256.2,5.68,29.0,64.6,5,High
40.0,Windy,183.7,2.86,63.4,79.7,2,Medium
38.8,Sunny,236.4,8.31,15.0,62.5,0,High
32.8,Stormy,19.1,14.37,85.8,51.5,3,Severe
43.6,Rainy,300.9,13.24,76.3,79.9,5,Severe
18.8,Sunny,75.0,6.61,75.3,83.8,2,Medium
23.6,Rainy,388.4,4.17,94.7,87.9,3,High
27.3,Rainy,132.8,7.2,107.9,70.1,3,High
18.2,Stormy,424.5,4.89,27.4,65.9,3,Severe
17.6,Sunny,239.6,6.18,7.1,23.2,5,Medium
21.5,Rainy,80.5,7.31,99.1,83.0,1,High
33.2,Windy,326.5,4.14,33.5,79.7,0,High
18.5,Windy,172.9,11.71,26.9,67.7,2,High
34.7,Windy,317.5,5.19,65.8,39.1,2,High
20.6,Windy,25.7,4.99,73.0,22.0,0,Low
39.7,Windy,112.7,6.5,15.1,33.1,0,Medium
16.6,Stormy,180.9,10.52,62.6,33.2,0,Severe
36.0,Stormy,360.5,13.18,118.2,5.4,2,Severe
33.9,Windy,122.3,13.25,100.0,21.2,4,Severe
16.2,Windy,49.4,10.66,37.7,41.1,0,High
39.5,Cloudy,371.9,2.06,95.7,32.2,2,High
17.4,Cloudy,333.8,14.87,98.0,37.7,1,Severe
18.7,Windy,188.1,7.77,9.2,82.6,2,Medium
29.2,Stormy,78.8,3.26,134.4,43.5,5,Severe
20.1,Cloudy,448.4,7.73,109.6,40.5,3,Severe
33.6,Stormy,89.5,2.99,25.4,69.5,4,Severe
20.5,Sunny,220.1,2.2,52.0,60.3,5,Medium
40.9,Stormy,359.5,10.71,117.0,40.8,1,Severe
41.3,Windy,129.1,14.28,98.3,43.2,2,Severe
15.5,Stormy,247.0,3.21,81.6,80.6,4,Severe
33.4,Cloudy,207.8,7.75,148.5,34.2,3,Severe
41.4,Cloudy,196.4,3.99,80.1,77.5,1,High
44.4,Sunny,382.0,7.16,7.4,9.5,2,High
28.3,Windy,397.8,7.72,19.8,52.8,0,High
15.3,Windy,68.3,2.4,127.1,11.4,2,Severe
23.3,Sunny,286.3,13.08,28.9,43.1,5,Severe
40.8,Rainy,454.1,13.26,83.6,31.3,5,Severe
31.4,Windy,57.9,12.06,90.7,40.1,2,Severe
21.7,Sunny,298.7,8.45,71.5,58.6,1,High
15.4,Windy,62.9,8.63,36.6,62.0,5,High
28.0,Sunny,82.7,13.14,112.9,88.0,5,Severe
36.5,Rainy,372.1,6.73,146.1,94.0,3,Severe
35.6,Sunny,48.0,0.85,71.5,56.6,0,Low
44.1,Cloudy,315.2,7.44,41.1,65.7,3,High
18.7,Stormy,115.5,4.63,84.0,85.1,3,Severe
38.1,Rainy,250.0,4.98,62.4,63.2,2,Medium
19.6,Sunny,184.1,4.64,49.3,12.8,3,Medium
29.3,Cloudy,409.4,2.48,71.0,65.6,1,Severe
24.5,Rainy,25.6,8.1,16.3,94.5,0,High
38.4,Sunny,352.9,11.0,58.3,14.7,3,High
28.7,Rainy,386.2,0.69,103.8,13.5,4,High
30.6,Cloudy,371.8,7.94,95.6,44.2,5,High
42.7,Cloudy,215.6,10.5,34.9,43.8,5,High
31.0,Stormy,358.5,4.59,55.5,10.4,3,Severe
44.3,Rainy,401.4,3.66,148.2,22.1,3,Severe
35.3,Sunny,315.4,12.24,52.5,32.6,4,Severe
44.2,Stormy,160.2,3.31,47.1,11.1,4,Severe
37.4,Windy,27.9,7.33,51.2,54.0,5,Medium
37.2,Cloudy,285.7,4.95,37.5,40.9,5,High
44.5,Windy,90.6,14.22,137.3,36.1,2,Severe
29.6,Cloudy,195.5,12.73,117.0,43.0,5,Severe
37.8,Stormy,88.4,0.04,148.4,90.9,3,Severe
24.6,Cloudy,39.9,2.15,98.1,47.8,2,High
40.3,Stormy,13.4,2.1,67.2,29.5,4,Severe
16.6,Sunny,484.8,0.04,38.4,58.2,2,Severe
21.4,Sunny,436.0,12.36,25.2,24.3,2,Severe
41.3,Rainy,205.2,5.85,31.9,56.2,1,Medium
39.6,Stormy,495.7,11.87,146.2,73.0,0,Severe
26.0,Stormy,434.3,14.21,17.4,10.9,2,Severe
22.9,Windy,342.9,13.17,93.8,0.5,4,Severe
32.4,Stormy,22.9,12.68,112.2,54.7,2,Severe
30.7,Stormy,199.5,2.82,38.3,4.4,0,Severe
15.9,Rainy,376.1,12.66,37.4,77.9,2,Severe
26.6,Sunny,351.8,3.9,130.0,3.5,2,Severe
30.1,Stormy,448.1,14.4,92.9,31.3,3,Severe
36.6,Sunny,19.8,14.78,29.5,61.5,5,Severe
22.6,Windy,380.1,7.31,106.7,24.5,3,High
28.9,Sunny,426.6,10.16,81.2,90.6,5,Severe
39.3,Rainy,228.4,7.39,146.9,42.3,1,Severe
34.4,Sunny,473.8,4.01,125.5,37.5,3,Severe
16.9,Windy,335.7,8.63,42.9,33.2,4,High
28.5,Windy,452.8,12.88,60.6,51.8,3,Severe
18.9,Sunny,397.9,0.35,145.5,65.4,0,Severe
34.8,Cloudy,267.7,13.91,98.4,5.4,3,Severe
16.2,Windy,415.0,11.25,135.2,45.2,2,Severe
41.4,Sunny,296.5,12.05,140.4,35.5,3,Severe
21.8,Sunny,425.9,11.23,93.8,34.8,3,Severe
22.3,Sunny,25.8,3.06,125.6,43.4,5,Severe
20.9,Cloudy,334.7,14.09,96.6,5.5,4,Severe
22.5,Rainy,81.8,8.95,59.3,36.6,1,High
26.2,Rainy,312.7,11.44,3.4,72.1,0,High
18.9,Sunny,327.1,4.07,73.5,62.2,1,High
33.8,Cloudy,219.2,14.1,114.2,72.0,3,Severe
18.2,Windy,1.0,14.19,93.2,99.7,4,Severe
44.8,Sunny,417.1,6.42,34.1,25.7,1,Severe
30.1,Windy,72.6,2.53,23.8,25.0,0,Low
21.8,Windy,71.5,4.04,109.0,35.0,1,High
35.3,Rainy,183.9,13.87,126.7,48.0,2,Severe
31.3,Rainy,96.9,3.29,86.8,48.7,3,High
32.5,Stormy,381.3,8.33,13.9,51.3,2,Severe
43.9,Cloudy,369.3,3.86,109.1,16.2,5,High
22.8,Windy,314.1,8.73,98.1,91.9,0,High
24.2,Stormy,433.9,8.89,27.5,63.1,4,Severe
19.8,Sunny,324.7,12.45,56.5,27.0,2,Severe
32.1,Windy,488.5,3.23,25.6,63.0,3,Severe
22.8,Rainy,346.9,13.34,136.8,99.4,5,Severe
18.6,Sunny,169.0,0.79,83.6,76.2,4,High
42.6,Sunny,39.1,14.67,62.9,62.3,2,Severe
31.2,Stormy,238.6,12.1,37.3,67.5,5,Severe
16.7,Rainy,338.5,11.68,76.4,26.1,2,High
28.5,Rainy,231.6,0.7,137.9,67.3,4,Severe
42.3,Rainy,30.5,7.95,101.2,16.5,5,High
42.1,Stormy,404.0,1.85,86.3,98.3,0,Severe
30.3,Windy,135.1,12.62,65.7,7.0,0,Severe
21.4,Cloudy,262.6,14.91,84.7,32.8,5,Severe
26.4,Sunny,140.6,14.59,142.5,40.3,5,Severe
23.3,Stormy,149.4,3.17,2.7,60.7,0,Severe
27.3,Sunny,305.0,3.43,101.9,28.5,4,High
20.0,Windy,132.8,12.32,33.3,91.6,1,Severe
37.8,Cloudy,336.6,12.39,39.2,96.5,1,Severe
22.3,Rainy,260.6,2.75,50.0,65.4,4,High
37.7,Cloudy,457.9,1.01,94.7,8.0,3,Severe
36.1,Sunny,135.9,6.92,67.0,26.3,4,Medium
41.4,Rainy,186.9,4.41,147.6,66.2,4,Severe
42.3,Rainy,129.4,9.91,27.0,16.2,1,High
23.3,Rainy,58.6,10.51,129.9,38.6,5,Severe
16.3,Stormy,381.1,12.32,59.3,30.4,5,Severe
30.3,Sunny,218.6,2.83,137.8,94.6,4,Severe
39.3,Windy,93.6,5.4,147.8,75.7,4,Severe
23.5,Cloudy,153.7,10.88,129.2,71.1,3,Severe
18.8,Rainy,173.7,3.93,149.0,98.2,5,Severe
31.9,Cloudy,311.9,10.95,134.9,77.4,1,Severe
23.2,Windy,350.3,0.98,58.4,69.4,3,High
28.3,Sunny,3.8,5.97,82.7,97.5,5,High
45.0,Rainy,268.4,7.88,77.8,65.6,1,High
29.9,Rainy,416.5,12.54,3.9,10.5,4,Severe
36.1,Cloudy,469.6,9.84,140.4,22.9,0,Severe
44.1,Rainy,277.6,10.3,102.0,13.6,2,High
42.1,Windy,37.7,12.6,35.3,8.5,3,Severe
36.5,Rainy,391.4,10.85,25.3,62.6,1,High
24.0,Windy,337.4,9.85,92.2,75.8,5,High
15.0,Rainy,424.7,8.65,50.3,2.0,4,Severe
28.5,Stormy,232.6,0.84,99.6,56.3,3,Severe
34.7,Cloudy,483.5,14.25,24.1,66.8,1,Severe
34.8,Cloudy,452.2,6.23,130.4,2.3,1,Severe
33.9,Sunny,350.2,10.05,51.3,29.4,3,High
39.8,Stormy,63.0,3.17,61.7,23.0,1,Severe
19.9,Cloudy,294.2,1.12,134.3,20.7,1,Severe
35.1,Rainy,485.7,6.59,53.4,86.8,4,Severe
28.2,Cloudy,361.6,10.12,40.9,67.9,4,High
27.8,Cloudy,169.0,3.45,8.7,98.1,0,Medium
19.4,Windy,390.7,4.42,12.2,6.6,5,High
36.9,Sunny,403.6,12.23,59.3,41.9,2,Severe
37.4,Rainy,411.7,4.23,45.7,32.3,1,Severe
15.6,Cloudy,333.5,11.05,24.0,28.5,4,High
15.1,Rainy,435.9,14.32,114.1,24.1,2,Severe
44.9,Windy,176.3,12.81,111.6,47.3,4,Severe
42.7,Windy,57.8,10.05,24.8,92.5,0,High
19.5,Rainy,184.5,10.93,79.3,28.9,1,High
36.1,Windy,457.9,14.49,71.5,57.7,4,Severe
25.1,Cloudy,100.8,8.99,74.3,66.8,2,High
37.5,Stormy,38.1,9.24,118.4,86.1,2,Severe
27.7,Sunny,57.1,13.47,94.1,40.6,3,Severe
30.2,Cloudy,211.8,14.35,2.8,5.8,1,Severe
25.5,Rainy,300.1,0.85,16.5,3.0,0,High
15.2,Stormy,116.9,9.21,147.0,13.7,3,Severe
24.2,Sunny,417.8,8.28,95.8,17.4,0,Severe
37.1,Rainy,325.9,10.62,136.0,63.8,5,Severe
22.9,Stormy,443.3,2.93,72.6,37.0,5,Severe
31.3,Cloudy,442.0,8.23,41.8,4.3,3,Severe
25.1,Cloudy,426.9,10.76,4.2,76.1,4,Severe
39.2,Windy,450.4,8.46,60.3,68.9,4,Severe
20.0,Stormy,223.1,0.8,105.7,88.4,4,Severe
15.5,Rainy,89.1,13.82,56.4,87.6,4,Severe
21.1,Windy,78.1,3.69,116.9,16.5,3,High
29.7,Windy,274.0,7.63,99.6,98.4,1,High
22.2,Stormy,483.1,12.36,2.2,39.2,4,Severe
21.5,Stormy,114.5,0.4,1.2,82.7,5,Severe
27.3,Sunny,193.5,4.22,64.9,72.5,4,Medium
38.6,Windy,11.8,9.24,10.2,54.0,4,High
23.6,Stormy,46.4,7.57,100.8,27.0,1,Severe
40.5,Rainy,63.7,7.16,4.2,36.8,0,Medium
24.4,Rainy,22.1,1.01,120.9,38.1,4,Severe
39.5,Stormy,343.6,6.17,34.0,40.7,3,Severe
41.3,Windy,118.6,7.84,77.9,72.8,3,Medium
21.0,Windy,486.4,9.21,10.9,13.2,0,Severe
24.1,Windy,393.6,5.05,84.5,22.4,5,High
28.7,Windy,364.9,13.11,125.1,55.2,5,Severe
33.5,Windy,415.7,9.56,87.1,18.5,3,Severe
18.2,Cloudy,47.0,11.48,98.9,6.3,0,High
20.2,Rainy,64.7,7.26,101.0,55.4,0,High
40.6,Sunny,291.3,7.57,146.0,45.6,3,Severe
23.9,Windy,173.7,0.39,121.3,20.3,1,Severe
43.6,Rainy,163.8,8.34,147.7,24.1,3,Severe
34.0,Windy,287.7,3.03,140.2,19.9,0,Severe
29.4,Windy,462.1,1.63,4.4,86.1,5,Severe
33.9,Cloudy,269.1,11.46,87.5,65.8,5,High
31.7,Windy,21.3,12.94,109.0,65.7,2,Severe
22.0,Sunny,425.2,4.17,95.7,10.3,1,Severe
36.2,Stormy,164.9,4.6,98.9,22.0,4,Severe
31.2,Cloudy,428.4,13.3,75.0,28.7,0,Severe
32.9,Cloudy,493.3,2.03,44.5,33.5,5,Severe
35.6,Windy,103.6,8.12,8.1,87.1,4,High
25.1,Sunny,274.7,5.16,123.1,62.1,1,Severe
15.2,Windy,295.3,4.73,120.4,14.3,5,Severe
43.9,Stormy,120.0,10.04,41.6,13.7,0,Severe
42.0,Stormy,213.4,14.32,133.0,35.3,4,Severe
29.2,Stormy,212.7,5.09,80.6,39.9,4,Severe
38.3,Windy,294.3,9.78,36.2,96.4,3,High
32.0,Windy,22.4,15.0,39.4,10.8,1,Severe
17.6,Rainy,164.8,13.45,38.3,48.8,5,Severe
39.5,Stormy,120.8,8.56,131.6,82.3,4,Severe
35.1,Stormy,255.8,14.52,141.2,44.4,0,Severe
19.1,Stormy,112.9,11.17,63.3,45.7,3,Severe
34.3,Rainy,268.8,0.73,82.1,87.6,4,High
25.9,Stormy,295.1,10.58,50.4,63.1,3,Severe
33.3,Rainy,341.8,3.98,105.8,92.1,2,High
40.1,Cloudy,375.5,3.65,132.1,13.6,1,Severe
37.7,Sunny,363.7,12.89,135.6,12.9,4,Severe
21.9,Windy,261.7,13.55,15.7,23.5,2,Severe
22.2,Sunny,31.8,8.53,63.5,65.7,1,High
20.2,Sunny,475.8,12.5,5.1,3.8,3,Severe
43.4,Windy,14.5,0.2,93.9,29.3,2,High
24.8,Stormy,162.3,7.29,60.5,95.3,2,Severe
30.9,Rainy,356.7,11.61,60.9,4.2,2,High
27.7,Windy,67.4,14.44,13.9,5.5,4,Severe
24.7,Rainy,46.6,7.19,43.0,48.5,2,Medium
38.3,Rainy,331.0,12.25,29.7,62.0,0,Severe
43.3,Sunny,333.7,5.57,118.6,56.4,2,High
25.9,Stormy,120.3,3.97,64.1,36.8,3,Severe
32.9,Stormy,100.2,9.4,40.0,8.5,1,Severe
26.8,Windy,398.3,7.56,72.7,62.0,2,High
29.8,Windy,268.0,7.08,89.8,33.8,3,High
26.8,Windy,178.5,7.6,52.1,45.3,5,Medium
21.6,Stormy,475.6,11.53,120.9,21.1,1,Severe
32.2,Windy,426.8,3.66,144.9,47.0,4,Severe
26.3,Rainy,289.8,6.09,120.8,69.5,0,Severe
19.1,Rainy,495.3,12.88,4.5,35.5,2,Severe
26.7,Sunny,201.2,1.93,85.2,82.7,0,High
30.6,Windy,53.0,2.41,142.9,82.9,4,Severe
29.2,Windy,480.6,10.21,147.6,23.4,5,Severe
44.2,Cloudy,138.7,14.59,118.5,10.8,5,Severe
29.9,Sunny,368.7,7.61,93.1,80.1,3,High
36.8,Sunny,345.6,11.76,147.5,62.9,5,Severe
24.1,Stormy,314.5,3.63,3.5,36.5,3,Severe
43.1,Stormy,316.4,13.23,112.9,22.8,4,Severe
23.1,Windy,94.6,14.54,80.1,61.8,1,Severe
34.6,Stormy,392.8,12.19,41.0,39.0,2,Severe
22.9,Windy,420.8,10.52,126.3,79.0,1,Severe
16.7,Cloudy,176.3,13.85,27.7,81.6,3,Severe
20.2,Windy,226.4,10.87,3.0,8.2,1,High
17.6,Rainy,498.7,1.42,13.5,80.8,0,Severe
39.8,Stormy,493.9,9.54,138.8,69.9,2,Severe
37.3,Windy,92.1,9.39,141.4,77.8,4,Severe
15.6,Windy,160.3,12.52,77.7,52.2,5,Severe
31.9,Windy,291.2,1.9,32.0,99.4,5,High
26.8,Rainy,459.0,8.93,21.4,46.2,2,Severe
16.8,Windy,72.7,2.34,139.7,6.0,4,Severe
42.5,Rainy,339.3,3.07,65.1,18.7,2,High
42.1,Rainy,203.6,8.14,9.4,64.9,5,High
30.8,Cloudy,485.9,11.18,77.0,49.9,2,Severe
44.2,Stormy,337.2,0.85,7.1,18.7,4,Severe
17.9,Stormy,297.8,12.0,66.9,94.3,1,Severe
42.4,Rainy,308.8,0.89,51.7,85.2,5,High
30.4,Rainy,369.8,11.22,68.7,91.1,2,High
17.0,Windy,25.8,14.08,15.9,77.6,5,Severe
24.3,Stormy,21.5,14.33,81.0,92.0,4,Severe
37.6,Cloudy,476.9,12.46,147.2,59.6,3,Severe
21.7,Rainy,289.9,1.97,27.9,26.5,3,High
43.5,Sunny,328.2,4.91,113.8,56.2,3,High
21.3,Sunny,364.5,10.13,31.8,85.2,1,High
16.5,Cloudy,56.2,3.21,38.1,17.3,1,Low
37.8,Stormy,398.6,9.26,99.6,42.5,0,Severe
23.0,Rainy,189.4,5.73,110.8,4.7,2,High
40.2,Sunny,189.0,3.57,123.4,13.7,1,Severe
19.5,Cloudy,387.7,11.64,6.7,40.2,4,High
34.5,Stormy,152.8,14.65,32.2,50.1,5,Severe
16.9,Rainy,341.0,7.31,85.9,20.5,4,High
21.3,Windy,439.2,12.86,54.0,46.9,1,Severe
27.1,Sunny,342.2,13.35,95.5,35.0,1,Severe
38.6,Cloudy,326.5,9.88,84.2,48.6,4,High
30.0,Sunny,186.7,0.09,35.3,25.1,3,Medium
30.2,Cloudy,411.4,0.82,119.7,88.4,0,Severe
25.2,Windy,45.3,8.44,133.0,64.8,5,Severe
21.8,Windy,57.2,6.18,54.6,7.3,3,Medium
25.4,Rainy,397.7,4.13,139.7,62.3,5,Severe
30.2,Rainy,303.0,13.9,7.9,12.8,4,Severe
40.3,Stormy,425.6,12.54,148.8,30.0,2,Severe
19.1,Cloudy,309.2,6.79,130.7,27.9,2,Severe
15.0,Windy,25.2,4.58,7.2,74.9,5,Medium
36.2,Rainy,275.8,11.21,60.3,69.0,0,High
17.6,Stormy,170.7,9.94,110.5,75.8,1,Severe
20.1,Cloudy,271.1,2.58,94.4,52.7,4,High
17.2,Cloudy,471.9,9.52,125.0,44.3,0,Severe
19.0,Rainy,204.5,2.03,0.0,31.6,5,Medium
43.0,Rainy,53.1,3.01,7.6,36.4,4,Medium
15.2,Windy,93.0,10.12,17.0,67.8,4,High
42.9,Stormy,410.0,6.37,56.6,66.7,5,Severe
30.8,Cloudy,451.7,10.62,16.5,34.5,1,Severe
35.1,Windy,396.5,4.16,134.2,66.2,1,Severe
19.0,Stormy,102.4,13.39,149.7,94.9,1,Severe
32.0,Stormy,351.7,10.61,18.6,19.7,2,Severe
36.5,Sunny,469.3,14.43,117.2,98.0,2,Severe
28.4,Cloudy,364.6,10.76,84.9,53.2,4,High
23.7,Cloudy,265.3,3.66,116.8,74.9,0,High
28.9,Stormy,356.2,9.53,139.7,20.2,5,Severe
27.5,Rainy,400.2,2.19,38.0,41.5,0,Severe
36.9,Windy,332.4,14.02,6.4,66.8,3,Severe
29.4,Stormy,283.3,11.29,11.3,79.3,0,Severe
33.7,Sunny,128.8,0.37,120.7,82.4,1,Severe
39.2,Rainy,45.6,9.06,57.8,50.7,2,High
32.9,Windy,471.8,6.48,122.3,13.8,4,Severe
23.1,Sunny,33.3,1.13,131.9,94.2,0,Severe
39.9,Rainy,22.7,12.18,49.6,72.9,2,Severe
35.6,Cloudy,179.9,3.94,82.1,76.5,3,High
29.9,Windy,328.9,4.62,70.4,62.3,4,High
20.0,Rainy,328.0,11.72,96.4,73.1,2,High
37.9,Cloudy,357.4,3.41,15.5,68.5,0,High
29.4,Windy,448.3,6.07,56.0,36.4,2,Severe
22.7,Stormy,396.8,14.15,108.6,9.2,3,Severe
15.4,Rainy,304.9,6.35,23.6,77.8,4,High
38.0,Stormy,229.1,5.68,91.3,55.5,1,Severe
28.2,Windy,357.9,8.39,85.0,35.8,3,High
18.0,Cloudy,355.5,3.36,44.2,63.6,4,High
39.0,Sunny,204.6,13.44,92.7,3.3,5,Severe
40.7,Stormy,252.7,13.13,137.3,50.5,2,Severe
30.6,Stormy,423.9,14.9,132.0,82.8,0,Severe
41.9,Sunny,83.7,10.22,84.3,15.7,5,High
41.8,Rainy,196.7,3.79,49.0,2.2,0,Medium
17.7,Cloudy,134.8,4.33,59.6,1.4,1,Medium
18.4,Cloudy,453.4,2.61,106.9,75.9,0,Severe
25.0,Windy,111.9,4.89,73.6,73.3,5,Medium
39.8,Sunny,279.5,10.82,64.5,71.3,1,High
36.7,Windy,387.9,6.26,47.4,90.0,2,High
29.3,Cloudy,85.0,12.18,111.6,74.4,0,Severe
19.7,Rainy,118.0,6.55,129.6,50.1,0,Severe
32.9,Cloudy,95.6,10.36,146.4,77.9,1,Severe
39.4,Stormy,105.2,14.73,133.2,12.3,5,Severe
42.4,Sunny,470.2,12.93,136.2,86.3,0,Severe
22.2,Sunny,334.4,13.88,25.5,5.6,2,Severe
17.0,Windy,180.3,12.91,104.9,68.8,5,Severe
23.2,Rainy,93.1,14.03,100.2,77.4,5,Severe
44.6,Cloudy,411.7,4.87,14.2,25.6,1,Severe
33.3,Rainy,298.2,4.82,93.0,26.3,1,High
24.2,Rainy,330.1,14.46,110.7,42.7,0,Severe
37.9,Rainy,469.1,6.61,31.9,0.5,2,Severe
21.2,Rainy,100.9,14.94,86.7,55.0,5,Severe
28.4,Rainy,385.7,3.31,147.5,46.2,1,Severe
32.6,Cloudy,57.2,3.1,69.0,89.5,5,Medium
41.7,Windy,275.4,6.2,17.3,9.5,0,High
27.6,Sunny,444.2,12.56,99.5,69.0,1,Severe
41.3,Sunny,317.8,9.55,55.1,68.4,2,High
41.2,Cloudy,144.2,12.55,109.9,65.2,2,Severe
40.4,Windy,334.6,1.23,7.0,53.6,4,High
35.8,Cloudy,366.7,1.19,110.6,11.0,0,High
36.0,Windy,247.5,7.93,19.1,26.8,1,Medium
26.3,Stormy,469.6,14.6,25.7,79.1,0,Severe
32.2,Windy,246.6,13.53,35.4,14.1,4,Severe
27.9,Windy,56.1,7.69,140.9,34.3,5,Severe
34.2,Cloudy,442.1,0.93,24.5,68.0,4,Severe
41.0,Rainy,19.7,12.72,42.9,43.9,2,Severe
41.9,Windy,62.5,8.79,6.3,47.1,2,High
42.7,Rainy,128.6,9.1,37.9,19.6,0,High
36.2,Stormy,75.5,10.91,101.9,17.0,0,Severe
44.8,Sunny,336.8,4.04,129.8,85.7,1,Severe
38.0,Windy,390.7,11.99,33.1,9.3,5,High
30.6,Rainy,195.1,11.44,69.0,62.7,4,High
16.2,Cloudy,443.1,3.63,49.0,85.3,5,Severe
19.8,Cloudy,417.0,3.76,3.0,61.6,1,Severe
31.7,Windy,409.1,0.59,15.6,27.6,3,Severe
32.9,Cloudy,361.3,11.6,52.4,33.7,2,High
20.7,Sunny,284.5,1.31,35.3,47.2,1,High
26.3,Cloudy,349.1,4.2,84.2,76.1,2,High
44.7,Windy,53.1,6.92,33.3,6.5,0,Medium
41.6,Stormy,12.2,14.14,27.1,0.8,5,Severe
44.8,Windy,424.3,14.31,129.6,61.8,1,Severe
20.0,Cloudy,449.2,3.11,2.8,35.8,0,Severe
15.8,Rainy,376.1,12.66,117.3,50.1,4,Severe
36.4,Sunny,220.6,0.2,146.0,95.6,1,Severe
25.0,Cloudy,38.8,9.36,56.4,27.4,0,High
22.1,Windy,346.0,10.46,135.8,79.2,2,Severe
23.3,Windy,431.8,14.88,94.1,70.2,0,Severe
38.4,Windy,125.7,2.41,111.9,15.3,5,High
31.9,Cloudy,125.2,12.9,33.2,8.3,2,Severe
16.7,Sunny,337.8,7.5,134.7,79.0,3,Severe
31.8,Stormy,472.3,5.45,56.7,66.1,1,Severe
25.8,Stormy,74.6,4.12,47.7,44.9,2,Severe
30.7,Windy,118.3,2.51,7.5,27.8,4,Medium
26.3,Cloudy,108.6,9.07,93.3,75.2,0,High
27.0,Windy,263.8,7.08,14.0,1.4,5,High
40.6,Sunny,383.0,5.06,44.0,66.2,5,High
20.3,Windy,83.2,3.07,108.2,1.6,4,High
36.0,Rainy,229.9,14.19,15.8,30.4,4,Severe
24.3,Rainy,173.2,1.29,37.0,1.1,5,Medium
18.6,Stormy,115.9,6.04,134.1,39.2,2,Severe
15.8,Stormy,487.8,4.61,103.2,38.5,5,Severe
34.4,Sunny,216.6,2.97,30.1,76.1,4,Medium
33.8,Windy,118.8,5.34,113.8,70.7,2,High
20.3,Sunny,123.0,3.3,60.1,44.9,5,Medium
30.7,Windy,157.2,9.03,96.5,19.5,0,High
37.2,Windy,175.1,10.94,85.8,93.6,0,High
21.9,Windy,20.3,8.5,71.9,45.7,0,High
19.3,Rainy,243.6,3.19,45.1,60.8,2,Medium
36.1,Windy,435.4,6.91,36.9,4.8,2,Severe
21.4,Rainy,151.0,5.1,54.3,18.8,5,Medium
21.6,Cloudy,382.4,11.86,92.8,30.0,3,High
40.6,Cloudy,196.5,2.47,79.8,39.8,4,Medium
28.3,Stormy,93.6,8.25,67.5,86.6,5,Severe
30.2,Rainy,20.8,9.4,133.0,21.2,4,Severe
24.3,Windy,310.8,0.66,73.6,32.8,2,High
23.4,Cloudy,269.1,14.48,58.6,14.6,2,Severe
23.2,Cloudy,487.1,3.8,66.7,93.4,4,Severe
33.6,Cloudy,270.4,2.19,42.8,16.0,0,High
26.7,Windy,43.6,0.91,126.7,12.4,1,Severe
33.4,Cloudy,188.9,4.53,121.9,97.3,3,Severe
40.1,Rainy,260.2,14.94,89.1,6.3,1,Severe
26.1,Rainy,213.0,5.84,148.8,63.0,2,Severe
32.2,Cloudy,434.3,7.41,131.1,60.0,2,Severe
39.4,Windy,193.1,14.61,35.4,59.9,1,Severe
24.8,Windy,95.3,9.62,41.4,62.4,1,High
19.4,Sunny,437.6,6.43,113.1,88.3,1,Severe
20.7,Stormy,213.6,2.07,117.0,34.8,3,Severe
19.7,Windy,29.8,13.25,37.5,25.7,4,Severe
41.6,Stormy,279.1,7.71,44.2,3.8,4,Severe
34.4,Rainy,19.3,13.32,83.5,68.4,3,Severe
18.5,Windy,295.5,10.08,108.8,58.3,4,High
22.5,Sunny,312.2,0.04,94.0,31.1,4,High
18.6,Rainy,374.4,8.65,58.9,12.5,5,High
37.8,Rainy,79.6,6.16,91.1,7.6,1,High
16.9,Windy,207.7,11.97,144.3,84.6,2,Severe
35.5,Stormy,287.7,5.22,96.3,41.9,3,Severe
23.0,Stormy,246.2,7.81,29.0,50.1,3,Severe
33.4,Rainy,292.6,12.66,41.4,32.5,0,Severe
19.9,Cloudy,430.1,3.5,99.7,92.4,0,Severe
20.3,Stormy,43.9,4.55,148.3,98.8,1,Severe
18.3,Sunny,176.2,6.79,62.9,42.7,5,Medium
25.4,Sunny,311.1,5.06,55.6,66.4,2,High
38.3,Rainy,419.7,4.37,74.6,44.1,3,Severe
43.7,Cloudy,262.2,1.97,36.9,19.9,2,High
36.4,Stormy,56.8,13.06,96.4,46.7,4,Severe
35.7,Windy,202.8,4.02,41.4,52.0,1,Medium
31.3,Windy,3.9,2.76,37.5,89.5,0,Medium
25.3,Sunny,367.6,14.94,2.8,88.7,4,Severe
39.6,Sunny,63.6,12.23,107.2,51.0,0,Severe
42.2,Windy,71.7,2.61,47.3,14.6,5,Medium
30.6,Cloudy,330.7,11.63,103.1,77.0,0,High
34.0,Cloudy,92.7,14.69,50.0,64.5,2,Severe
17.4,Sunny,25.6,7.38,76.2,41.2,1,Medium
17.7,Stormy,205.6,11.28,28.2,94.7,5,Severe
44.0,Sunny,434.9,11.06,38.9,43.2,4,Severe
38.7,Stormy,427.6,12.28,132.8,72.3,0,Severe
24.7,Windy,303.3,4.14,76.3,15.1,4,High
18.8,Stormy,412.1,4.79,55.9,6.4,0,Severe
37.7,Cloudy,93.0,13.36,105.9,39.7,2,Severe
26.7,Cloudy,8.9,0.27,117.5,60.1,5,High
34.9,Sunny,215.8,5.68,102.3,66.5,2,High
20.7,Stormy,204.6,5.36,120.8,49.2,0,Severe
28.5,Windy,251.6,11.65,5.2,51.8,5,High
27.9,Sunny,359.4,9.69,77.0,48.8,3,High
28.4,Cloudy,391.1,0.19,3.5,63.5,0,High
34.9,Sunny,232.7,8.26,146.0,9.9,4,Severe
44.7,Cloudy,149.8,3.49,136.4,29.7,4,Severe
25.2,Cloudy,83.9,9.07,110.3,25.1,2,High
22.0,Windy,29.8,10.8,65.9,51.9,0,High
39.9,Stormy,435.0,0.89,48.2,52.5,4,Severe
18.6,Cloudy,54.1,10.3,10.4,70.9,0,High
18.9,Cloudy,136.8,9.49,55.2,68.0,1,High
32.5,Stormy,351.0,10.92,124.6,60.3,5,Severe
40.3,Cloudy,83.2,10.77,140.0,46.1,2,Severe
35.7,Stormy,215.6,4.17,35.1,48.6,1,Severe
42.6,Sunny,224.7,0.51,131.4,34.4,5,Severe
44.5,Cloudy,244.9,1.15,32.5,83.6,2,Medium
15.5,Windy,64.3,3.92,101.2,0.5,2,High
32.3,Sunny,312.2,8.91,126.1,84.8,4,Severe
29.0,Stormy,439.4,7.91,145.0,77.2,1,Severe
38.8,Sunny,497.7,2.96,110.9,88.0,1,Severe
